{
	"Scores": {
		"GameSnapShot": [
			{
				"gameId": "888888888",
				"gameKey": "888888888",
				"sourceDate": "2017-11-19 08:55:58",
				"homeTeamClubCode": "PHI",
				"homeTeamNFLTriCode": "PHI",
				"homeTeamScore": "0",
				"awayTeamScore": "0",
				"awayTeamClubCode": "PHI",
				"awayTeamNFLTriCode": "PHI",
				"clock": "15:00",
				"phase": "Pregame",
				"possession": "Home",
				"territory": "Home",
				"kickoffDate": {
					"_GMT": "9999-12-31 11:00:00 GMT",
					"__text": "9999-12-31 03:00:00"
				},
				"down": "1",
				"yardLine": "30",
				"yardsToGo": "10",
				"_chipOrder": "1"
			},
			{
				"gameId": "999999999",
				"gameKey": "999999999",
				"sourceDate": "2017-11-19 08:55:58",
				"homeTeamClubCode": "PHI",
				"homeTeamNFLTriCode": "PHI",
				"homeTeamScore": "0",
				"awayTeamScore": "0",
				"awayTeamClubCode": "PHI",
				"awayTeamNFLTriCode": "PHI",
				"clock": "15:00",
				"phase": "Pregame",
				"possession": "Home",
				"territory": "Home",
				"kickoffDate": {
					"_GMT": "9999-12-31 11:00:00 GMT",
					"__text": "9999-12-31 03:00:00"
				},
				"down": "1",
				"yardLine": "30",
				"yardsToGo": "10",
				"_chipOrder": "2"
			},
			{
				"gameId": "233115",
				"gameKey": "57383",
				"sourceDate": "2017-11-19 08:55:58",
				"homeTeamClubCode": "CLE",
				"homeTeamNFLTriCode": "CLV",
				"homeTeamScore": "0",
				"awayTeamScore": "7",
				"awayTeamClubCode": "JAX",
				"awayTeamNFLTriCode": "JAX",
				"clock": "2:47",
				"phase": "1st",
				"possession": "Away",
				"territory": "Away",
				"kickoffDate": {
					"_GMT": "2017-11-19 18:00:00 GMT",
					"__text": "2017-11-19 10:00:00"
				},
				"down": "1",
				"yardLine": "33",
				"yardsToGo": "10",
				"_chipOrder": "3"
			},
			{
				"gameId": "233116",
				"gameKey": "57384",
				"sourceDate": "2017-11-19 08:55:58",
				"homeTeamClubCode": "GB",
				"homeTeamNFLTriCode": "GB",
				"homeTeamScore": "0",
				"awayTeamScore": "3",
				"awayTeamClubCode": "BAL",
				"awayTeamNFLTriCode": "BLT",
				"clock": "14:56",
				"phase": "2nd",
				"possession": "Home",
				"territory": "Home",
				"kickoffDate": {
					"_GMT": "2017-11-19 18:00:00 GMT",
					"__text": "2017-11-19 10:00:00"
				},
				"down": "1",
				"yardLine": "25",
				"yardsToGo": "10",
				"_chipOrder": "4"
			},
			{
				"gameId": "233117",
				"gameKey": "57385",
				"sourceDate": "2017-11-19 08:55:58",
				"homeTeamClubCode": "HOU",
				"homeTeamNFLTriCode": "HST",
				"homeTeamScore": "0",
				"awayTeamScore": "0",
				"awayTeamClubCode": "ARI",
				"awayTeamNFLTriCode": "ARZ",
				"clock": "0:00",
				"phase": "1st",
				"possession": "Away",
				"territory": "Away",
				"kickoffDate": {
					"_GMT": "2017-11-19 18:00:00 GMT",
					"__text": "2017-11-19 10:00:00"
				},
				"down": "1",
				"yardLine": "5",
				"yardsToGo": "5",
				"_chipOrder": "5"
			},
			{
				"gameId": "233118",
				"gameKey": "57386",
				"sourceDate": "2017-11-19 08:55:58",
				"homeTeamClubCode": "MIN",
				"homeTeamNFLTriCode": "MIN",
				"homeTeamScore": "0",
				"awayTeamScore": "7",
				"awayTeamClubCode": "LA",
				"awayTeamNFLTriCode": "LA",
				"clock": "0:08",
				"phase": "1st",
				"possession": "Home",
				"territory": "Away",
				"kickoffDate": {
					"_GMT": "2017-11-19 18:00:00 GMT",
					"__text": "2017-11-19 10:00:00"
				},
				"down": "2",
				"yardLine": "17",
				"yardsToGo": "9",
				"_chipOrder": "6"
			},
			{
				"gameId": "232940",
				"gameKey": "57241",
				"sourceDate": "2017-11-19 08:55:58",
				"homeTeamClubCode": "MIA",
				"homeTeamNFLTriCode": "MIA",
				"homeTeamScore": "7",
				"awayTeamScore": "3",
				"awayTeamClubCode": "TB",
				"awayTeamNFLTriCode": "TB",
				"clock": "1:12",
				"phase": "1st",
				"possession": "Away",
				"territory": "Home",
				"kickoffDate": {
					"_GMT": "2017-11-19 18:00:00 GMT",
					"__text": "2017-11-19 10:00:00"
				},
				"down": "3",
				"yardLine": "26",
				"yardsToGo": "3",
				"_chipOrder": "7"
			},
			{
				"gameId": "233120",
				"gameKey": "57388",
				"sourceDate": "2017-11-19 08:55:58",
				"homeTeamClubCode": "NYG",
				"homeTeamNFLTriCode": "NYG",
				"homeTeamScore": "6",
				"awayTeamScore": "0",
				"awayTeamClubCode": "KC",
				"awayTeamNFLTriCode": "KC",
				"clock": "13:26",
				"phase": "2nd",
				"possession": "Home",
				"territory": "Away",
				"kickoffDate": {
					"_GMT": "2017-11-19 18:00:00 GMT",
					"__text": "2017-11-19 10:00:00"
				},
				"down": "0",
				"yardLine": "15",
				"yardsToGo": "0",
				"_chipOrder": "8"
			},
			{
				"gameId": "233114",
				"gameKey": "57382",
				"sourceDate": "2017-11-19 08:55:58",
				"homeTeamClubCode": "CHI",
				"homeTeamNFLTriCode": "CHI",
				"homeTeamScore": "10",
				"awayTeamScore": "0",
				"awayTeamClubCode": "DET",
				"awayTeamNFLTriCode": "DET",
				"clock": "15:00",
				"phase": "2nd",
				"possession": "Home",
				"territory": "Home",
				"kickoffDate": {
					"_GMT": "2017-11-19 18:00:00 GMT",
					"__text": "2017-11-19 10:00:00"
				},
				"down": "2",
				"yardLine": "20",
				"yardsToGo": "6",
				"_chipOrder": "9"
			},
			{
				"gameId": "233119",
				"gameKey": "57387",
				"sourceDate": "2017-11-19 08:55:58",
				"homeTeamClubCode": "NO",
				"homeTeamNFLTriCode": "NO",
				"homeTeamScore": "9",
				"awayTeamScore": "3",
				"awayTeamClubCode": "WSH",
				"awayTeamNFLTriCode": "WAS",
				"clock": "7:05",
				"phase": "2nd",
				"possession": "Away",
				"territory": "Away",
				"kickoffDate": {
					"_GMT": "2017-11-19 18:00:00 GMT",
					"__text": "2017-11-19 10:00:00"
				},
				"down": "1",
				"yardLine": "20",
				"yardsToGo": "10",
				"_chipOrder": "10"
			},
			{
				"gameId": "233121",
				"gameKey": "57389",
				"sourceDate": "2017-11-19 03:44:08",
				"homeTeamClubCode": "LAC",
				"homeTeamNFLTriCode": "LAC",
				"homeTeamScore": "0",
				"awayTeamScore": "0",
				"awayTeamClubCode": "BUF",
				"awayTeamNFLTriCode": "BUF",
				"clock": " \n\t\t",
				"phase": "Pregame",
				"possession": "Home",
				"territory": "Home",
				"kickoffDate": {
					"_GMT": "2017-11-19 21:05:00 GMT",
					"__text": "2017-11-19 13:05:00"
				},
				"down": "0",
				"yardLine": "0",
				"yardsToGo": "0",
				"_chipOrder": "11"
			},
			{
				"gameId": "233122",
				"gameKey": "57390",
				"sourceDate": "2017-11-19 03:44:18",
				"homeTeamClubCode": "DEN",
				"homeTeamNFLTriCode": "DEN",
				"homeTeamScore": "0",
				"awayTeamScore": "0",
				"awayTeamClubCode": "CIN",
				"awayTeamNFLTriCode": "CIN",
				"clock": " \n\t\t",
				"phase": "Pregame",
				"possession": "Home",
				"territory": "Home",
				"kickoffDate": {
					"_GMT": "2017-11-19 21:25:00 GMT",
					"__text": "2017-11-19 13:25:00"
				},
				"down": "0",
				"yardLine": "0",
				"yardsToGo": "0",
				"_chipOrder": "12"
			},
			{
				"gameId": "233123",
				"gameKey": "57391",
				"sourceDate": "2017-11-19 03:44:14",
				"homeTeamClubCode": "OAK",
				"homeTeamNFLTriCode": "OAK",
				"homeTeamScore": "0",
				"awayTeamScore": "0",
				"awayTeamClubCode": "NE",
				"awayTeamNFLTriCode": "NE",
				"clock": " \n\t\t",
				"phase": "Pregame",
				"possession": "Home",
				"territory": "Home",
				"kickoffDate": {
					"_GMT": "2017-11-19 21:25:00 GMT",
					"__text": "2017-11-19 13:25:00"
				},
				"down": "0",
				"yardLine": "0",
				"yardsToGo": "0",
				"_chipOrder": "13"
			},
			{
				"gameId": "233124",
				"gameKey": "57392",
				"sourceDate": "2017-11-19 02:28:21",
				"homeTeamClubCode": "DAL",
				"homeTeamNFLTriCode": "DAL",
				"homeTeamScore": "0",
				"awayTeamScore": "0",
				"awayTeamClubCode": "PHI",
				"awayTeamNFLTriCode": "PHI",
				"clock": " \n\t\t",
				"phase": "Pregame",
				"possession": "Home",
				"territory": "Home",
				"kickoffDate": {
					"_GMT": "2017-11-20 01:30:00 GMT",
					"__text": "2017-11-19 17:30:00"
				},
				"down": "0",
				"yardLine": "0",
				"yardsToGo": "0",
				"_chipOrder": "14"
			},
			{
				"gameId": "233125",
				"gameKey": "57393",
				"sourceDate": "2017-11-19 02:28:21",
				"homeTeamClubCode": "SEA",
				"homeTeamNFLTriCode": "SEA",
				"homeTeamScore": "0",
				"awayTeamScore": "0",
				"awayTeamClubCode": "ATL",
				"awayTeamNFLTriCode": "ATL",
				"clock": " \n\t\t",
				"phase": "Pregame",
				"possession": "Home",
				"territory": "Home",
				"kickoffDate": {
					"_GMT": "2017-11-21 01:30:00 GMT",
					"__text": "2017-11-20 17:30:00"
				},
				"down": "0",
				"yardLine": "0",
				"yardsToGo": "0",
				"_chipOrder": "15"
			},
			{
				"gameId": "233113",
				"gameKey": "57381",
				"sourceDate": "2017-11-19 02:28:21",
				"homeTeamClubCode": "PIT",
				"homeTeamNFLTriCode": "PIT",
				"homeTeamScore": "40",
				"awayTeamScore": "17",
				"awayTeamClubCode": "TEN",
				"awayTeamNFLTriCode": "TEN",
				"clock": "0:13",
				"phase": "Final",
				"possession": "Away",
				"territory": "Away",
				"kickoffDate": {
					"_GMT": "2017-11-17 01:25:00 GMT",
					"__text": "2017-11-16 17:25:00"
				},
				"down": "3",
				"yardLine": "18",
				"yardsToGo": "12",
				"_chipOrder": "16"
			}
		],
		"_refresh": "30"
	}
}