{
  "env": {
    "browser": true,
    "node": true,
    "es6": true
  },
  "defaultSeverity": "error",
  "extends": [
    "tslint:recommended"
  ],
  "jsRules": {},
  "rules": {
    "trailing-comma": false,
    "max-line-length": false,
    "quotemark": [
      true,
      "single"
    ],
    "comma-dangle": [
      "error",
      {
        "arrays": "never",
        "objects": "never",
        "imports": "never",
        "exports": "never",
        "functions": "ignore"
      }
    ],
    "no-shadowed-variable": false,
    "no-var-requires": false,
    "no-console": false,
    "variable-name": false,
    "no-empty": false,
    "member-ordering": false,
    "member-access": false,
    "ban-types": false,
    "triple-equals": false,
    "radix": false,
    "indent": false,
    "jsdoc-format": false,
    "interface-name": false,
    "no-string-literal": false,
    "object-literal-sort-keys": false,
    "ordered-imports": false,
    "no-trailing-whitespace": false,
    "array-type": false,
    "no-angle-bracket-type-assertion": false,
    "no-unused-expression": false,
    "arrow-parens": false
  },
  "rulesDirectory": [],
  "parser": "babel-eslint",
  "parserOptions": {
    "sourceType": "module",
    "experimentalDecorators": true,
    "allowImportExportEverywhere": false,
    "codeFrame": false
  },
  "globals": {
    "angular": false,
    "inject": false
  }
}